search URL:,https://patents.google.com/?q=%28quantum+supermacy%29&oq=quantum+supermacy
id,title,assignee,inventor/author,priority date,filing/creation date,publication date,grant date,result link,representative figure link
US-11699004-B2,Method and system for quantum computing ,Alibaba Group Holding Limited,"Jianxin Chen, Fang Zhang, Yaoyun Shi, Jiachen Huang, Michael Newman",2018-04-27,2021-03-19,2023-07-11,2023-07-11,https://patents.google.com/patent/US11699004B2/en,https://patentimages.storage.googleapis.com/d4/81/61/566e3aa55c9003/US11699004-20230711-D00000.png
JP-7287705-B2,Quantum Computation for Combinatorial Optimization Problems Using Programmable Atomic Arrays ,プレジデント アンド フェローズ オブ ハーバード カレッジ,"ピヒラー，ハネス, ワン，シェンタオ, チョウ，レオ，シアンユー, チェ，スーンウォン, ルーキン，ミハイル，ディー．",2018-08-31,2019-08-30,2023-06-06,2023-06-06,https://patents.google.com/patent/JP7287705B2/en,https://patentimages.storage.googleapis.com/b9/0a/75/08ed7284e12043/0007287705000788.png
EP-3682383-B1,Simulation of quantum circuits ,Google LLC,"Sergio Boixo CASTRILLO, Vadim SMELYANSKIY",2017-10-18,2017-12-18,2022-09-21,2022-09-21,https://patents.google.com/patent/EP3682383B1/en,https://patentimages.storage.googleapis.com/a4/2f/49/cfbf7ed58a41f5/imgf0001.png
US-11250341-B2,"System, method and computer readable medium for quassical computing ",Lockheed Martin Corporation,"Edward H. Allen, Luke A. Uribarri, Kristen L. Pudenz",2017-09-07,2018-09-07,2022-02-15,2022-02-15,https://patents.google.com/patent/US11250341B2/en,https://patentimages.storage.googleapis.com/d7/a7/94/b1f3ff6570238a/US11250341-20220215-D00000.png
US-11678590-B2,Method for the in situ production of Majorana material superconductor hybrid networks and to a hybrid structure which is produced using the method ,Forschungszentrum Juelich Gmbh,"Peter SCHUEFFELGEN, Daniel Rosenbach, Detlev Gruetzmacher, Thomas Schaepers",2017-03-20,2021-06-23,2023-06-13,2023-06-13,https://patents.google.com/patent/US11678590B2/en,https://patentimages.storage.googleapis.com/43/81/64/6e005f8a8fe3eb/US11678590-20230613-D00000.png
US-11763186-B2,Reducing parasitic interactions in a qubit grid for surface code error correction ,Google Llc,"John Martinis, Rami Barends, Austin Greig Fowler",2017-08-09,2023-01-11,2023-09-19,2023-09-19,https://patents.google.com/patent/US11763186B2/en,https://patentimages.storage.googleapis.com/2b/8c/17/d78de85bb162ad/US11763186-20230919-D00000.png
US-9773931-B2,Silver nanoparticles on conducting electrode as plasmonic scattering nanomaterial and related photovoltaic cells ,King Fahd University Of Petroleum And Minerals,"Mohammad Kamal HOSSAIN, Qasem Ahmed Qasem",2015-05-20,2016-01-28,2017-09-26,2017-09-26,https://patents.google.com/patent/US9773931B2/en,https://patentimages.storage.googleapis.com/02/98/de/109125f91005b7/US09773931-20170926-D00000.png
US-9805020-B2,In-context access of stored declarative knowledge using natural language expression ,"Deep Sky Concepts, Inc.","John G. Gorman, John W. R. Gorman",2009-04-23,2015-02-06,2017-10-31,2017-10-31,https://patents.google.com/patent/US9805020B2/en,https://patentimages.storage.googleapis.com/7d/3b/03/b8d9ffb1606991/US09805020-20171031-D00000.png
US-8972445-B2,Systems and methods for storage of declarative knowledge accessible by natural language in a computer capable of appropriately responding ,"Deep Sky Concepts, Inc.","John G. Gorman, John W. R. Gorman",2009-04-23,2013-01-22,2015-03-03,2015-03-03,https://patents.google.com/patent/US8972445B2/en,https://patentimages.storage.googleapis.com/7c/cd/9c/cbeeee61520c77/US08972445-20150303-D00000.png
EP-2625845-B1,System and method for 3-d projection and enhancements for interactivity ,"Gerard Dirk Smits, Dan Kikinis","Gerard Dirk Smits, Dan Kikinis",2010-10-04,2011-10-04,2021-03-03,2021-03-03,https://patents.google.com/patent/EP2625845B1/en,https://patentimages.storage.googleapis.com/2c/fa/a9/61a12248058b60/imgf0001.png
JP-7240792-B2,Simulating Quantum Circuits on Computers Using Hierarchical Storage ,インターナショナル・ビジネス・マシーンズ・コーポレーション,"ペノール、エドウィン、ピーター、ドーソン, ナニッチーニ、ジャコモ, グンネルス、ジョン, ホレッシュ、リオル",2018-05-08,2019-04-15,2023-03-16,2023-03-16,https://patents.google.com/patent/JP7240792B2/en,https://patentimages.storage.googleapis.com/81/44/91/8dcfadab2ba115/0007240792000001.png
JP-2023535109-A,"Method and apparatus for acquiring ground state of quantum system, computer equipment, storage medium, and computer program ",▲騰▼▲訊▼科技（深▲セン▼）有限公司,"玉琴 ▲陳▼, 士欣 ▲張▼, ▲勝▼誉 ▲張▼",2021-06-29,2021-10-25,2023-08-16,,https://patents.google.com/patent/JP2023535109A/en,https://patentimages.storage.googleapis.com/39/30/16/8cef9be7440f83/2023535109000110.png
US-2023267358-A1,Distributed Quantum Computing Simulation Method and Apparatus ,"Suzhou Inspur Intelligent Technology Cp., Ltd.","Xin Zhang, Yaqian ZHAO, Rengang Li, Jinzhe JIANG, Chen Li",2020-09-04,2021-06-29,2023-08-24,,https://patents.google.com/patent/US20230267358A1/en,https://patentimages.storage.googleapis.com/a3/82/85/f4346249b3aa96/US20230267358A1-20230824-D00000.png
US-2023054868-A1,Method and system for estimating ground state energy of quantum system ,Tencent Technology (Shenzhen) Company Limited,"Shixin Zhang, Zhouquan WAN, Shengyu ZHANG",2021-06-07,2022-10-31,2023-02-23,,https://patents.google.com/patent/US20230054868A1/en,https://patentimages.storage.googleapis.com/89/03/f4/d8b5ef8c5ac162/US20230054868A1-20230223-D00000.png
US-11593696-B2,Frequency tunable qubit control strategy ,Google Llc,"Charles Neill, Anthony Edward Megrant, Yu Chen",2019-05-10,2020-05-08,2023-02-28,2023-02-28,https://patents.google.com/patent/US11593696B2/en,https://patentimages.storage.googleapis.com/2b/e8/ce/1eb56885e6d320/US11593696-20230228-D00000.png
US-11144689-B1,System and method for generating a quantum circuit ,Cambridge Quantum Computing Limited,"Alexander Cowtan, Ross William Duncan, William Victor Simmons",2020-04-14,2020-04-14,2021-10-12,2021-10-12,https://patents.google.com/patent/US11144689B1/en,https://patentimages.storage.googleapis.com/f4/9f/07/cd43fef9f405cc/US11144689-20211012-D00000.png
AU-2021200996-B2,Reducing parasitic interactions in a qubit grid ,Google Llc,"Rami BARENDS, Austin Greg Fowler, John Martinis",2017-08-09,2021-02-16,2022-10-27,2022-10-27,https://patents.google.com/patent/AU2021200996B2/en,
US-11228570-B2,Safe-transfer exchange protocol based on trigger-ready envelopes among distributed nodes ,Oleksandr Vityaz,Oleksandr Vityaz,2015-03-23,2019-03-01,2022-01-18,2022-01-18,https://patents.google.com/patent/US11228570B2/en,https://patentimages.storage.googleapis.com/0f/42/82/e83555f31e6874/US11228570-20220118-D00000.png
US-2019278091-A1,System and method for 3-d projection and enhancements for interactivity ,"Gerard Dirk Smits, Dan Kikinis","Gerard Dirk Smits, Dan Kikinis",2010-10-04,2018-04-13,2019-09-12,,https://patents.google.com/patent/US20190278091A1/en,https://patentimages.storage.googleapis.com/87/dd/2f/b4dbeb25a7c28b/US20190278091A1-20190912-D00000.png
EP-2534467-B1,Device and method for multiparameter measurements of microparticles in a fluid ,Horiba ABX SAS,"Benoît MERCHEZ, Sébastien RAIMBAULT, Philippe Nerin, Alexandra Urankar",2010-02-10,2011-02-02,2015-08-12,2015-08-12,https://patents.google.com/patent/EP2534467B1/en,https://patentimages.storage.googleapis.com/9b/6a/c4/138882ddef62fd/imgf0001.png
WO-2022077797-A1,"Quantum circuit determining method and apparatus, device, and storage medium ",腾讯科技（深圳）有限公司,"张士欣, 谢昌谕, 张胜誉",2020-10-14,2021-01-25,2022-04-21,,https://patents.google.com/patent/WO2022077797A1/en,https://patentimages.storage.googleapis.com/55/c1/d3/cae3d15527ee1d/PCTCN2021073639-appb-300001.png
US-2014130097-A1,Apparatus and method for television ,"Sony Europe Limited, Sony Corporation",Mark LONDERO,2012-11-02,2013-09-18,2014-05-08,,https://patents.google.com/patent/US20140130097A1/en,https://patentimages.storage.googleapis.com/4e/81/90/a8921f560010ab/US20140130097A1-20140508-D00000.png
JP-7335303-B2,Frequency patterns for reducing parasitic interactions in qubit grids ,グーグル エルエルシー,"ジョン・マルティニス, ラミ・バレンズ, オースティン・グレイグ・ファウラー",2017-08-09,2021-10-05,2023-08-29,2023-08-29,https://patents.google.com/patent/JP7335303B2/en,https://patentimages.storage.googleapis.com/f9/01/4e/19ca4aa1dc6bb1/0007335303000014.png
US-11769069-B2,"Superconducting circuit structure, superconducting quantum chip and superconducting quantum computer ","Beijing Baidu Netcom Science and Technology Co., Ltd","Lijing Jin, Runyao Duan",2019-12-24,2020-09-16,2023-09-26,2023-09-26,https://patents.google.com/patent/US11769069B2/en,https://patentimages.storage.googleapis.com/e9/bc/10/9e20a57eb9cfbb/US11769069-20230926-D00000.png
US-11120360-B2,Optical holographic addressing of atomic quantum bits ,Massachusetts Institute Of Technology,"Donggyu Kim, Dirk Robert Englund",2019-12-02,2020-10-02,2021-09-14,2021-09-14,https://patents.google.com/patent/US11120360B2/en,https://patentimages.storage.googleapis.com/39/b1/a3/d117e9fc02fc69/US11120360-20210914-D00000.png
US-11526794-B2,Quantum bios for reconfiguring quantum computing architectures ,Second Foundation,Michele Reilly,2018-04-18,2019-04-18,2022-12-13,2022-12-13,https://patents.google.com/patent/US11526794B2/en,https://patentimages.storage.googleapis.com/98/31/3f/50a98b2a27bea5/US11526794-20221213-D00000.png
JP-2023502187-A,"Quantum circuit determination method, apparatus, apparatus, and computer program ",▲騰▼▲訊▼科技（深▲セン▼）有限公司,"士欣 ▲張▼, 昌▲諭▼ ▲謝▼, ▲勝▼誉 ▲張▼",2020-10-14,2021-01-25,2023-01-23,,https://patents.google.com/patent/JP2023502187A/en,https://patentimages.storage.googleapis.com/47/33/5e/c4dcca09a8f137/2023502187000023.png
US-2021256351-A1,Hybrid Quantum-Classical Adversarial Generator ,"Zapata Computing, Inc.","Yudong Cao, Jonathan P. Olson",2020-02-13,2021-02-12,2021-08-19,,https://patents.google.com/patent/US20210256351A1/en,https://patentimages.storage.googleapis.com/1e/8e/58/53f0c51329b9ab/US20210256351A1-20210819-D00000.png
WO-2021062331-A1,Computer Systems and Methods for Computing the Ground State of a Fermi-Hubbard Hamiltonian ,"Zapata Computing, Inc.","Pierre-luc DALLAIRE-DEMERS, Yudong CAO, Amara KATABARWA, Jerome Florian GONTHIER, Peter D. Johnson",2019-09-27,2020-09-26,2021-04-01,,https://patents.google.com/patent/WO2021062331A1/en,
AU-2019333268-A1,Two-qubit gates implemented with a tunable coupler ,Google Llc,"Anthony Edward MEGRANT, Charles Neill",2018-08-30,2019-08-27,2020-12-17,,https://patents.google.com/patent/AU2019333268A1/en,
WO-2020226715-A2,Generation of certified random numbers using an untrusted quantum computer ,"Board Of Regents, The University Of Texas System",Scott AARONSON,2019-02-07,2020-02-07,2020-11-12,,https://patents.google.com/patent/WO2020226715A2/en,
US-11562284-B1,Gate formation for a quantum processor ,"Rigetti & Co, Llc","Colm Andrew Ryan, Eric Christopher Peterson, Marcus Palmer da Silva, Michael Justin Gerchick Scheer, Deanna Margo Abrams",2019-10-18,2020-10-19,2023-01-24,2023-01-24,https://patents.google.com/patent/US11562284B1/en,https://patentimages.storage.googleapis.com/11/45/f4/6d17253e210880/US11562284-20230124-D00000.png
WO-2019238510-A1,Quantum feature kernel estimation ,"International Business Machines Corporation, Ibm United Kingdom Limited","Antonio CORCOLES-GONZALEZ, Paul Kristan TEMME, Jay GAMBETTA",2018-06-12,2019-06-05,2019-12-19,,https://patents.google.com/patent/WO2019238510A1/en,
CN-111598248-A,Superconducting quantum chip and method for realizing control phase gate ,南京希凌陆信息科技有限公司,储继,2020-05-18,2020-05-18,2020-08-28,,https://patents.google.com/patent/CN111598248A/en,https://patentimages.storage.googleapis.com/0f/05/b8/698a5d1c33be9d/HDA0002495638810000011.png
US-2023359914-A1,Method for superconducting quantum chip ,"Beijing Baidu Netcom Science Technology Co., Ltd.","Peng Jia, Zhengyi Cui, Lijing Jin",2022-07-22,2023-07-17,2023-11-09,,https://patents.google.com/patent/US20230359914A1/en,https://patentimages.storage.googleapis.com/90/bd/76/6bb1b6793066e8/US20230359914A1-20231109-D00000.png
AU-2022221381-A1,"Method and apparatus for routing wires on chain quantum chip, and storage medium ","Beijing Baidu Netcom Science Technology Co., Ltd.","Lijing Jin, Boyan YU",2021-11-04,2022-08-22,2023-05-18,,https://patents.google.com/patent/AU2022221381A1/en,
WO-2023216585-A1,Quantum bit coupling method and structure ,苏州元脑智能科技有限公司,"李红珍, 张新, 李辰, 姜金哲, 徐哲",2022-05-11,2022-12-13,2023-11-16,,https://patents.google.com/patent/WO2023216585A1/en,https://patentimages.storage.googleapis.com/37/21/2f/41c15c107ec7cb/PCTCN2022138770-appb-300001.png
US-2023342645-A1,"Controlling, detecting and entangling alkaline-earth rydberg atoms in tweezer arrays ",California Institute Of Technology,"Manuel Endres, Alexandre Cooper-Roy, Jacob P. Covey, Ivaylo S. Madjarov, Adam L. Shaw, Vladimir Schkolnik, Jason R. Williams, Joonhee CHOI",2020-02-10,2023-03-06,2023-10-26,,https://patents.google.com/patent/US20230342645A1/en,https://patentimages.storage.googleapis.com/2d/72/d9/6b0f770dd978c8/US20230342645A1-20231026-D00000.png
US-2023196169-A1,"Method and system for determining many-body localization state, storage medium, and program product ","Tencent Technology (Shenzhen) Company Limited, Tsinghua University","Shuo Liu, Shixin Zhang, Shengyu ZHANG, Hong Yao",2021-10-14,2022-11-30,2023-06-22,,https://patents.google.com/patent/US20230196169A1/en,https://patentimages.storage.googleapis.com/4a/99/0e/aae5f0b92890dc/US20230196169A1-20230622-D00000.png
WO-2021219869-A2,Architecture for a hardware based explainable neural network ,UMNAI Limited,"Angelo Dalli, Mauro PIRRONE",2020-05-01,2021-04-30,2021-11-04,,https://patents.google.com/patent/WO2021219869A2/en,
US-11809957-B2,Three qubit entangling gate through two-local hamiltonian control ,Google Llc,"Yuezhen Niu, Vadim Smelyanskiy, Sergio Boixo Castrillo",2018-11-19,2019-01-31,2023-11-07,2023-11-07,https://patents.google.com/patent/US11809957B2/en,https://patentimages.storage.googleapis.com/ab/93/a1/1fbd71489b3013/US11809957-20231107-D00000.png
AU-2020213494-A1,Method for simulating CIE standard illuminant using multi-channel LEDs and illumination system ,Peng Jin,Peng Jin,2019-02-01,2020-01-13,2021-08-12,,https://patents.google.com/patent/AU2020213494A1/en,
CN-115136245-A,Knowledge-based distillation and gradient pruning compression of artificial intelligence-based base detectors ,因美纳有限公司,"A·杜塔, G·韦瑟尔, D·卡什夫哈吉吉, K·贾加纳坦, A·起亚",2020-02-20,2021-02-17,2022-09-30,,https://patents.google.com/patent/CN115136245A/en,https://patentimages.storage.googleapis.com/b9/cc/b6/375c57484e9112/HDA0003804769440000011.png
CA-3095106-A1,Cascade protocol for iswap gate in a two-qubit system ,"Google Llc, Vadim SMELYANSKIY, Andre PETUKHOV, Rami BARENDS, Sergio Boixo CASTRILLO","Vadim SMELYANSKIY, Andre PETUKHOV, Rami BARENDS, Sergio Boixo CASTRILLO",2018-11-19,2019-01-31,2020-05-28,,https://patents.google.com/patent/CA3095106A1/en,
WO-2007001962-A2,Systems and methods for generating biological material ,"Kurzweil Technologies, Inc.",Raymond C. Kurzweil,2005-06-20,2006-06-19,2007-01-04,,https://patents.google.com/patent/WO2007001962A2/en,
WO-2021096955-A1,Superconducting qubits based on tantalum ,"Andrew Houck, De Leon Nathalie, Robert Joseph Cava, Place Alex, Lila Rodgers, Sussman Sara, Fitzpatrick Mattias, Smitham Basil","Andrew Houck, Nathalie DE LEON, Robert Joseph Cava, Alex PLACE, Lila Rodgers, Sara SUSSMAN, Mattias FITZPATRICK, Basil SMITHAM",2019-11-11,2020-11-11,2021-05-20,,https://patents.google.com/patent/WO2021096955A1/en,
WO-2021092568-A1,Wavelength-scale optical parametric oscillators ,California Institute Of Technology,"Alireza MARANDI, Saman Jahani",2019-11-08,2020-11-09,2021-05-14,,https://patents.google.com/patent/WO2021092568A1/en,
US-2022374390-A1,System and method of partial compilation with variational algorithms for quantum computers ,The University Of Chicago,"Frederic T. Chong, Pranav Gokhale, Yongshan DING, Thomas PROPSON",2019-09-13,2020-09-09,2022-11-24,,https://patents.google.com/patent/US20220374390A1/en,https://patentimages.storage.googleapis.com/e3/ea/27/24637b55de22a4/US20220374390A1-20221124-D00000.png
WO-2021056115-A1,Systems and methods for cancellation of crosstalk ,"Quantum Benchmark, Inc.","Adam B. WINICK, Joel J. Wallman",2019-09-26,2020-09-25,2021-04-01,,https://patents.google.com/patent/WO2021056115A1/en,
US-11237454-B2,Scalable feedback control of single-photon sources for photonic quantum technologies ,Massachusetts Institute Of Technology,"Jacques Johannes Carolan, Uttara Chakraborty, Nicholas C. Harris, Mihir PANT, Dirk Robert Englund",2018-11-12,2019-11-12,2022-02-01,2022-02-01,https://patents.google.com/patent/US11237454B2/en,https://patentimages.storage.googleapis.com/b2/a1/21/887d7a26dab41c/US11237454-20220201-D00000.png
US-2022147358-A1,Generation of higher-resolution datasets with a quantum computer ,"Zapata Computing, Inc.","Alejandro Perdomo Ortiz, Manuel S. Rudolph",2020-11-11,2021-11-12,2022-05-12,,https://patents.google.com/patent/US20220147358A1/en,https://patentimages.storage.googleapis.com/7a/b5/96/682df81bbbbb13/US20220147358A1-20220512-D00000.png
WO-2021171248-A1,"A method for quantum key distribution, a method for transmitting an optical signal, a method for receiving an optical signal, and a receiver of an optical signal for quantum key distribution ","Uniwersytet Warszawski, Uniwersytet Gdanski","Marcin Pawlowski, Michal JACHURA, Marcin JARZYNA, Konrad BANASZEK",2020-02-29,2021-02-26,2021-09-02,,https://patents.google.com/patent/WO2021171248A1/en,
KR-20230066842-A,Quantum state simulation method using a quantum computer and the quantum computer ,"현대자동차주식회사, 기아 주식회사, 한국과학기술원","경우민, 이영민, 정유성, 이권학, 김경민, 이준구, 임수민",2021-11-08,2021-11-08,2023-05-16,,https://patents.google.com/patent/KR20230066842A/en,https://patentimages.storage.googleapis.com/33/ad/ef/5fdacec0d4c66e/pat00014.png
US-2021174237-A1,Hybrid Quantum Computing Network ,"Mellanox Technologies, Ltd.","Elad Mentovich, Kyle Scheps, Juan Jose Vegas Olmos",2019-12-05,2020-12-03,2021-06-10,,https://patents.google.com/patent/US20210174237A1/en,https://patentimages.storage.googleapis.com/62/fa/7b/9e2724bbdd9402/US20210174237A1-20210610-D00000.png
US-2021319478-A1,"Automatic Cloud, Hybrid, and Quantum-Based Optimization Techniques for Communication Channels ","CloudNCo, Inc. dba NextUser",Matthieu Dejardins,2014-05-13,2021-06-22,2021-10-14,,https://patents.google.com/patent/US20210319478A1/en,https://patentimages.storage.googleapis.com/b5/41/0b/04bd27787d53a8/US20210319478A1-20211014-D00000.png
US-2022101171-A1,Self-Powered Scale-Up Toroidal Array Quantum Processing Memory Device with Controllable and Adjustable State-Switch Valves of Making and Applications Thereto ,Ellen Tuanying Chen,Ellen Tuanying Chen,2016-11-24,2019-06-07,2022-03-31,,https://patents.google.com/patent/US20220101171A1/en,https://patentimages.storage.googleapis.com/71/5f/53/c54e5cfae91d6c/US20220101171A1-20220331-D00000.png
WO-2021160988-A1,Control sequence for quantum computer ,Phasecraft Limited,"Toby CUBITT, Laura CLINTON, Johannes BAUSCH",2020-02-13,2021-02-03,2021-08-19,,https://patents.google.com/patent/WO2021160988A1/en,
CN-109443105-A,A kind of fireworks lattice structure application specific standard gunpowder block and preparation method thereof ,苏州天为幕烟花科技有限公司,"征茂德, 陈巧云",2018-12-31,2018-12-31,2019-03-08,,https://patents.google.com/patent/CN109443105A/en,
US-2022391571-A1,Fast quantum circuit simulations with parallel task-based tensor network contraction ,Xanadu Quantum Technologies Inc.,"Ish DHAND, Trevor VINCENT, Haoyu QI",2021-06-02,2022-05-31,2022-12-08,,https://patents.google.com/patent/US20220391571A1/en,https://patentimages.storage.googleapis.com/25/f0/5b/c633ed0f19be26/US20220391571A1-20221208-D00000.png
US-2023306293-A1,"Quantum circuit generation device, quantum circuit generation method, and quantum circuit generation program ",The University Of Tokyo,"Shunsuke DAIMON, Eiji Saitoh",2020-08-20,2021-08-18,2023-09-28,,https://patents.google.com/patent/US20230306293A1/en,https://patentimages.storage.googleapis.com/1d/1e/a9/d0d0ce88d90e2a/US20230306293A1-20230928-D00000.png
WO-2021237362-A1,Quantum analog computing at room temperature using conventional electronic circuitry ,Technologies Infinityq Inc.,"Jean-michel SELLIER, Kristina KAPANOVA",2020-05-29,2021-05-28,2021-12-02,,https://patents.google.com/patent/WO2021237362A1/en,
US-2023169383-A1,Methods and systems for quantum computational chemistry modeling ,Texas Tech University System,Lionel W. Poirier,2020-04-13,2021-04-12,2023-06-01,,https://patents.google.com/patent/US20230169383A1/en,https://patentimages.storage.googleapis.com/ba/aa/b8/2a6eba1849a953/US20230169383A1-20230601-D00000.png
US-2023237361-A1,System and method for generating quantum circuits ,Cambridge Quantum Computing Limited,"Alexander Cowtan, Ross William Duncan, William Victor Simmons",2020-04-14,2021-04-12,2023-07-27,,https://patents.google.com/patent/US20230237361A1/en,https://patentimages.storage.googleapis.com/b7/d3/24/2feb30f1cc42e6/US20230237361A1-20230727-D00000.png
US-2022027773-A1,Non-adiabatic implementation of an iswap quantum logic gate ,Google Llc,"Vadim Smelyanskiy, Andre Petukhov, Rami Barends, Sergio Boixo Castrillo, Yu Chen",2019-03-05,2019-03-05,2022-01-27,,https://patents.google.com/patent/US20220027773A1/en,https://patentimages.storage.googleapis.com/20/cc/9a/9a3959bc782ddb/US20220027773A1-20220127-D00000.png
AU-2021102646-A4,Automated hyperspectral image clustering using multilevel quantum differential evolution on quantum hardware ,"Shakeel Ahmed, Alexander Arkhipov, Siddhartha Bhattacharyya, Maxim Bobyr, Tulika DUTTA, Sergey Gorbachev, Nadezhda Gorbacheva, Goran Klepac, Natalia Milostnaya, Leo Mršić, Khan Muhammad, Jan Platos, Vaclav Snasel","Shakeel Ahmed, Alexander Arkhipov, Siddhartha Bhattacharyya, Maxim Bobyr, Tulika DUTTA, Sergey Gorbachev, Nadezhda Gorbacheva, Goran Klepac, Natalia Milostnaya, Leo Mršić, Khan Muhammad, Jan Platos, Vaclav Snasel",2021-05-18,2021-05-18,2021-07-08,2021-07-08,https://patents.google.com/patent/AU2021102646A4/en,
TW-I783297-B,Method and calculation system for quantum amplitude estimation ,美商札帕塔運算股份有限公司,"王國明, 恩山 達克斯 許, 彼得 Ｄ 約翰遜, 曹玉東, 德默斯 皮埃爾 盧克 達萊爾",2019-11-18,2020-11-16,2022-11-11,2022-11-11,https://patents.google.com/patent/TWI783297B/en,https://patentimages.storage.googleapis.com/64/90/3a/6cd81c53c28e43/109139876-A0101-14-0001-1.png
WO-2022099215-A1,Fault-tolerant cluster state quantum computation ,"The Board of Trustees of the Leland Stanford Junior University Office of the General Counsel, The Regents Of The University Of California","Kianna WAN, Soonwon CHOI, Isaac H. KIM, Noah John SHUTTY, Patrick Hayden",2020-11-09,2021-11-09,2022-05-12,,https://patents.google.com/patent/WO2022099215A1/en,
US-2021191232-A1,Apparatus and methods for spatio-temporal implementation of arbitrary unitary transformations on optical modes ,Xanadu Quantum Technologies Inc.,"Kamil BRADLER, Daiqin SU, Zachary VERNON, Lukas HELT, Ish DHAND",2019-12-18,2019-12-18,2021-06-24,,https://patents.google.com/patent/US20210191232A1/en,https://patentimages.storage.googleapis.com/0e/97/f5/6b5e122c1ea33f/US20210191232A1-20210624-D00000.png
EP-4104112-A1,Low-weight fermion-to-qubit encoding ,Phasecraft Limited,"Joel David KLASSEN, Charles Nicholas Carey DERBY",2020-02-13,2021-02-03,2022-12-21,,https://patents.google.com/patent/EP4104112A1/en,
AU-2018274948-A1,"System, method and computer readable medium for quassical computing ",Lockheed Martin Corporation,"Edward H. Allen, Kristen L. Pudenz, Luke A. Uribarri",2018-12-06,2018-12-06,2020-06-25,,https://patents.google.com/patent/AU2018274948A1/en,
WO-2020204741-A1,Device and methods for a quantum circuit simulator ,"Huawei Technologies Co., Ltd","Andrei Emilevich KALENDAROV, Dmitry Sergeevich KOLMAKOV, Yuriy Alexandrovich ZOTOV",2019-03-29,2019-03-29,2020-10-08,,https://patents.google.com/patent/WO2020204741A1/en,
WO-2020224150-A1,System and method for quantum circuit simulation ,"Supreme Qi Pte Ltd, Guangdong Supremacy Future Technologies Ltd","Chu GUO, Heliang HUANG, Junhua Liu",2019-05-05,2019-09-16,2020-11-12,,https://patents.google.com/patent/WO2020224150A1/en,https://patentimages.storage.googleapis.com/b7/f4/ed/1e72103493b401/PCTCN2019105910-appb-300001.png
US-2019325337-A1,Optically coupled nitrogen vacancy-defect system for scalable qubit arrays ,Turing Inc.,Michele Reilly,2018-04-18,2019-04-18,2019-10-24,,https://patents.google.com/patent/US20190325337A1/en,https://patentimages.storage.googleapis.com/8e/75/f7/f462a283a7610d/US20190325337A1-20191024-D00000.png
JP-2023013672-A,"Information processor, simulation method, and program ","日本電信電話株式会社, Nippon Telegr & Teleph Corp <Ntt>, 国立大学法人 東京大学, Univ Of Tokyo","泰成 鈴木, Yasunari Suzuki, 泰信 中村, Yasunobu Nakamura",2021-07-16,2021-07-16,2023-01-26,,https://patents.google.com/patent/JP2023013672A/en,https://patentimages.storage.googleapis.com/35/4b/02/cdca3ad86535a5/2023013672000002.png
WO-2022271998-A1,Application benchmark using empirical hardness models ,"Zapata Computing, Inc.",Yudong CAO,2021-06-23,2022-06-23,2022-12-29,,https://patents.google.com/patent/WO2022271998A1/en,
AU-2022204698-B2,A high-temperature superconducting qubit and fabrication method ,Terra Quantum AG,"Nicola Poccia, Francesco Tafuri, Valerii Vinokour",2021-07-21,2022-06-30,2023-11-16,2023-11-16,https://patents.google.com/patent/AU2022204698B2/en,
GB-2612379-A,Binary optimization using shallow boson sampler ,Orca Computing Ltd,"Bradler Kamil, Wallner Hugo",2021-10-28,2021-11-24,2023-05-03,,https://patents.google.com/patent/GB2612379A/en,
WO-2022095369-A1,Random phase modulation method depending on communication distance ,电子科技大学,"岳光荣, 余代中, 杨霖",2020-11-04,2021-04-29,2022-05-12,,https://patents.google.com/patent/WO2022095369A1/en,https://patentimages.storage.googleapis.com/59/05/18/dd20b4fe90ed07/PCTCN2021090943-appb-300001.png
US-2022141007-A1,Quantum color image encrypting method and circuit based on modification direction ,Shanghai Maritime University,"Rigui ZHOU, Wenwen HU, Ping Fan, Rirong ZHOU, Ganbin WANG",2019-08-23,2020-05-21,2022-05-05,,https://patents.google.com/patent/US20220141007A1/en,https://patentimages.storage.googleapis.com/ca/f1/ca/d3535d128e75b4/US20220141007A1-20220505-D00000.png
US-2022028002-A1,Mechanism for stability within automatic reserve management artificial intelligence ,Gregor Ko{hacek over (z)}elj,Gregor Ko{hacek over (z)}elj,2020-07-24,2021-07-23,2022-01-27,,https://patents.google.com/patent/US20220028002A1/en,https://patentimages.storage.googleapis.com/80/dc/a3/2366d862b1540b/US20220028002A1-20220127-D00000.png
CN-104495807-A,Method for preparing large flake oxide graphene with high-concentration coupling magnetic moment ,南京大学,"唐涛, 汤怒江, 都有为",2014-11-28,2014-11-28,2015-04-08,,https://patents.google.com/patent/CN104495807A/en,
CN-104979428-A,Synthetic method for copper-indium-gallium-sulfur-selenium nanocrystals ,厦门大学,"江智渊, 徐璐, 谢兆雄",2015-05-31,2015-05-31,2015-10-14,,https://patents.google.com/patent/CN104979428A/en,
WO-2015052592-A9,Citizen-citizen service (c2c) for e-systems ,Umm Al-Qura University,Salman Z. ALHARTHI,2013-10-13,2014-10-14,2015-06-25,,https://patents.google.com/patent/WO2015052592A9/en,
WO-2022056422-A1,Ensemble learning of diffractive neural networks ,The Regents Of The University Of California,"Aydogan Ozcan, Md Sadman Sakib RAHMAN, Jingxi LI, Yair RIVENSON, Deniz MENGU",2020-09-14,2021-09-13,2022-03-17,,https://patents.google.com/patent/WO2022056422A1/en,
JP-2013103874-A,Silicon and method for manufacturing the same ,"Yutaka Kamaike, 豊 蒲池, Hideo Yamase, 英夫 山瀬","Hideo Yamase, 英夫 山瀬, Yutaka Kamaike, 豊 蒲池",2011-11-11,2011-11-11,2013-05-30,,https://patents.google.com/patent/JP2013103874A/en,https://patentimages.storage.googleapis.com/1b/5c/39/32167b335b0a43/2013103874-3.png
CN-109489496-A,It is a kind of for the bottom plate of image-text firework dot matrix emitter and its molding die of bottom plate ,苏州天为幕烟花科技有限公司,"征茂德, 陈巧云",2018-12-30,2018-12-30,2019-03-19,,https://patents.google.com/patent/CN109489496A/en,
CN-109708533-A,A kind of dedicated gunpowder block of image-text firework dot matrix emitter and preparation method thereof ,苏州天为幕烟花科技有限公司,"征茂德, 陈巧云",2018-12-31,2018-12-31,2019-05-03,,https://patents.google.com/patent/CN109708533A/en,
KR-102388604-B1,Dominant Tool Detection System for Surgical Videos ,소니그룹주식회사,"시아오징 첸, 코-카이 알버트 황, 밍-창 리우",2018-06-14,2019-05-30,2022-04-22,2022-04-22,https://patents.google.com/patent/KR102388604B1/en,https://patentimages.storage.googleapis.com/5e/ec/ee/9cda4322c1f2c7/112020133349111-pct00001.png
CN-109579632-A,A kind of image-text firework dot matrix emitter and its molding die for making point paroxysm beam ,苏州天为幕烟花科技有限公司,"征茂德, 陈巧云",2018-12-30,2018-12-30,2019-04-05,,https://patents.google.com/patent/CN109579632A/en,
CN-109579633-A,A kind of image-text firework lattice structure application specific standard gunpowder block and preparation method thereof ,苏州天为幕烟花科技有限公司,"征茂德, 陈巧云",2018-12-31,2018-12-31,2019-04-05,,https://patents.google.com/patent/CN109579633A/en,
CN-109631681-A,Fireworks lattice structure application specific standard gunpowder block and preparation method thereof ,苏州天为幕烟花科技有限公司,"征茂德, 陈巧云",2018-12-31,2018-12-31,2019-04-16,,https://patents.google.com/patent/CN109631681A/en,
CN-102115910-B,Preparation method of core shell type nanowire ,济南大学,"曹丙强, 段广彬, 徐红燕, 王介强, 陶珍东",2010-01-06,2010-01-06,2012-08-15,2012-08-15,https://patents.google.com/patent/CN102115910B/en,https://patentimages.storage.googleapis.com/ef/96/71/fd12b7d8958253/H2010100118170E00011.png
EP-0923939-B1,Haloperoxidase for the treatment of infection and control of flora ,"Exoxemis, Inc.",Robert Charles Allen,1991-02-21,1992-02-21,2007-06-20,2007-06-20,https://patents.google.com/patent/EP0923939B1/en,https://patentimages.storage.googleapis.com/7e/b5/f0/aa58da9c7aadc6/imgf0001.png
US-2023274177-A1,Method for generation of random quantum states and verification of quantum devices ,"California Institute Of Technology, Massachusetts Institute Of Technology, The Regents Of The University Of California","Manuel Endres, Adam L. Shaw, Soonwon CHOI, Daniel K. Mark, Joonhee CHOI",2022-02-25,2023-02-27,2023-08-31,,https://patents.google.com/patent/US20230274177A1/en,https://patentimages.storage.googleapis.com/7c/d9/ef/4228f6b6c5e8a2/US20230274177A1-20230831-D00000.png
WO-2022211655-A1,A processor and a method for performing tensor network contraction in a quantum simulator ,"Huawei Technologies Co., Ltd.","Pavel Anatolyevich Panteleev, Gleb Vyacheslavovich KALACHEV, Dinsgshun LV, Manhong YUNG",2021-03-30,2021-03-30,2022-10-06,,https://patents.google.com/patent/WO2022211655A1/en,
US-2023040289-A1,Quantum generative models for sampling many-body spectral functions ,President And Fellows Of Harvard College,"Dries W. H. Sels, Eugene A. Demler",2019-10-22,2022-04-21,2023-02-09,,https://patents.google.com/patent/US20230040289A1/en,https://patentimages.storage.googleapis.com/3b/01/74/d160a16a0dd9f4/US20230040289A1-20230209-D00000.png
WO-2023021722-A1,Quantum computer system and method for operating quantum computer system ,株式会社日立製作所,"雄介 菅野, 弘之 水野, 地尋 吉村",2021-08-17,2022-02-01,2023-02-23,,https://patents.google.com/patent/WO2023021722A1/en,https://patentimages.storage.googleapis.com/f6/d5/ba/453f48499b13ac/JPOXMLDOC01-appb-D000006.png
EP-4224376-A1,"Quantum circuit, quantum computer, and method for producing quantum circuit ",Fujitsu Limited,"Tetsuro Ishiguro, Kenichi Kawaguchi, Toshiyuki Miyazawa, Toshiki Iwai, Tetsuya Miyatake, Yoshiyasu Doi, Shintaro Sato",2020-09-30,2020-09-30,2023-08-09,,https://patents.google.com/patent/EP4224376A1/en,https://patentimages.storage.googleapis.com/3f/7f/1d/56ea6350840623/imgf0001.png
WO-2023180319-A1,Method for scheduling control signals for a neutral atom quantum computer ,Pasqal,"Henrique Guimarães SILVERIO, Bing-Shiun Tsai",2022-03-21,2023-03-21,2023-09-28,,https://patents.google.com/patent/WO2023180319A1/en,
US-2023368065-A1,Integrated Sensing and Communications Empowered by Networked Hybrid Quantum-Classical Machine Learning ,"Mitsubishi Electric Research Laboratories, Inc.","Toshiaki Koike Akino, Ye Wang, Pu Wang",2022-05-10,2023-01-10,2023-11-16,,https://patents.google.com/patent/US20230368065A1/en,https://patentimages.storage.googleapis.com/e9/15/e9/7ad2e32983cf39/US20230368065A1-20231116-D00000.png
WO-2023219177-A1,Integrated sensing and communications empowered by networked hybrid quantum-classical machine learning ,Mitsubishi Electric Corporation,"Toshiaki Akino, Ye Wang, Pu Wang",2022-05-10,2023-04-28,2023-11-16,,https://patents.google.com/patent/WO2023219177A1/en,
WO-2023156010-A1,Classical simulation of a quantum system ,Iqm Finland Oy,"Akseli MÄKINEN, Joni IKONEN, Jani Tuorila, Mikko MÖTTÖNEN",2022-02-21,2022-02-21,2023-08-24,,https://patents.google.com/patent/WO2023156010A1/en,
KR-20230124666-A,"Thermally neutralized state preparation method, device and storage medium under quantum system ","텐센트 테크놀로지(센젠) 컴퍼니 리미티드, 칭화 유니버시티","시신 장, 성유 장, 홍 야오",2021-12-06,2022-11-18,2023-08-25,,https://patents.google.com/patent/KR20230124666A/en,
US-2023385679-A1,Polynomial-time linear cross-entropy benchmarking ,"Alibaba (China) Co., Ltd.","Jiachen Huang, Dawei Ding, Jianxin Chen",,2022-05-31,2023-11-30,,https://patents.google.com/patent/US20230385679A1/en,https://patentimages.storage.googleapis.com/US20230385679A1/US20230385679A1-20231130-D00001.png
EP-3896623-A1,Silicon electron spin type massively parallel quantum computer ,"Hitachi, Ltd.","Yusuke Kanno, Hiroyuki Mizuno, Ryuta Tsuchiya, Noriyuki Lee, Gou Shinkai, Tatsuya Tomaru",2020-04-15,2021-03-16,2021-10-20,,https://patents.google.com/patent/EP3896623A1/en,https://patentimages.storage.googleapis.com/c2/79/c1/5d59cb473d33da/imgf0001.png
WO-2021251175-A1,Quantum device ,学校法人帝京大学,哲史 棚本,2020-06-12,2021-05-28,2021-12-16,,https://patents.google.com/patent/WO2021251175A1/en,https://patentimages.storage.googleapis.com/e8/98/a8/dd5c429386800d/JPOXMLDOC01-appb-D000016.png
WO-2022231846-A1,System and method of in-queue optimizations for quantum cloud computing ,The University Of Chicago,"Gokul Subramanian Ravi, Frederic T. Chong, Pranav GOKHALE, Kaitlin N. SMITH",2021-04-27,2022-04-13,2022-11-03,,https://patents.google.com/patent/WO2022231846A1/en,
US-2023196157-A1,Quantum simulation apparatus and method ,Electronics And Telecommunications Research Institute,"Ki Sung Jin, Gyu Il Cha, Chang Dae Kim",2021-12-20,2022-07-20,2023-06-22,,https://patents.google.com/patent/US20230196157A1/en,https://patentimages.storage.googleapis.com/eb/aa/81/13e3a918963690/US20230196157A1-20230622-D00000.png
KR-20230094098-A,Quantum simulation apparatus and method ,한국전자통신연구원,"진기성, 차규일, 김창대",2021-12-20,2022-03-02,2023-06-27,,https://patents.google.com/patent/KR20230094098A/en,https://patentimages.storage.googleapis.com/85/e4/15/2f2f01eb925d23/pat00009.png
KR-102578935-B1,Quantum state measurment method and apparatus for performing the same ,한국과학기술원,"배준우, 권혁제",2020-07-21,2020-07-21,2023-09-18,2023-09-18,https://patents.google.com/patent/KR102578935B1/en,
WO-2023135728-A1,Quantum computer and quantum computer control method ,株式会社日立製作所,辰也 戸丸,2022-01-14,2022-01-14,2023-07-20,,https://patents.google.com/patent/WO2023135728A1/en,https://patentimages.storage.googleapis.com/99/40/87/18e13d99fff5c2/JPOXMLDOC01-appb-D000019.png
US-2023325568-A1,Quantum circuit valuation ,International Business Machines Corporation,"Frederik Frank Flöther, Robert E. Loredo, Shikhar KWATRA, Paul R. Bastide",2021-01-28,2023-05-09,2023-10-12,,https://patents.google.com/patent/US20230325568A1/en,https://patentimages.storage.googleapis.com/c5/b4/6b/6c9de47a7bcd9c/US20230325568A1-20231012-D00000.png
WO-2023214608-A1,Quantum circuit simulation hardware ,한국전자기술연구원,"홍윤표, 전석훈, 김병수, 최규현",2022-05-04,2022-05-23,2023-11-09,,https://patents.google.com/patent/WO2023214608A1/en,https://patentimages.storage.googleapis.com/5b/e6/cb/76a42752ccc048/PCTKR2022007270-appb-img-000002.png
WO-2023214609-A1,Quantum circuit computation method for efficiently computing state vectors ,한국전자기술연구원,"전석훈, 홍윤표, 김병수, 최규현",2022-05-04,2022-05-23,2023-11-09,,https://patents.google.com/patent/WO2023214609A1/en,https://patentimages.storage.googleapis.com/8b/84/1f/db74fee745fa7b/PCTKR2022007271-appb-img-000007.png
WO-2022249963-A1,Quantum circuit ,国立大学法人東京大学,"俊介 大門, 英治 齊藤, 貴大 沙川",2021-05-24,2022-05-19,2022-12-01,,https://patents.google.com/patent/WO2022249963A1/en,https://patentimages.storage.googleapis.com/43/02/0f/870b7ceeb01dfb/JPOXMLDOC01-appb-D000001.png
US-2022398481-A1,Quantum computer and quantum state controlling method in quantum computer ,"Hitachi, Ltd.",Tatsuya Tomaru,2021-06-10,2022-03-07,2022-12-15,,https://patents.google.com/patent/US20220398481A1/en,https://patentimages.storage.googleapis.com/38/d5/c2/0eaf8ff7bc6ea4/US20220398481A1-20221215-D00000.png
WO-2023095330-A1,"Quantum device, quantum computing apparatus, and quantum computing method ",富士通株式会社,"俊樹 岩井, 義康 土肥, 研一 河口, 哲也 宮武, 哲郎 石黒, 信太郎 佐藤",2021-11-29,2021-11-29,2023-06-01,,https://patents.google.com/patent/WO2023095330A1/en,https://patentimages.storage.googleapis.com/d5/ab/0b/841be8403533bf/JPOXMLDOC01-appb-D000001.png
WO-2022270436-A1,"Quantum device, quantum bit readout device, and electronic circuit ",学校法人帝京大学,哲史 棚本,2021-06-24,2022-06-17,2022-12-29,,https://patents.google.com/patent/WO2022270436A1/en,https://patentimages.storage.googleapis.com/98/32/79/b7514619d7d2e5/JPOXMLDOC01-appb-D000001.png
EP-4174733-A1,Quantum computing system and method for operating the same ,Electronics and Telecommunications Research Institute,"Soo Cheol Oh, Chei Yol Kim, Jin Ho On, Sang Min Lee, Gyu Il Cha",2021-10-26,2022-08-19,2023-05-03,,https://patents.google.com/patent/EP4174733A1/en,https://patentimages.storage.googleapis.com/55/c1/dd/c5369fe72a6186/imgf0001.png
US-2023121176-A1,"Expectation value estimation method and apparatus in quantum system, device, and system ","Tencent Technology (Shenzhen) Company Limited, Tsinghua University","Shixin Zhang, Zhouquan WAN, Shengyu ZHANG, Hong Yao",2021-10-14,2022-11-23,2023-04-20,,https://patents.google.com/patent/US20230121176A1/en,https://patentimages.storage.googleapis.com/e3/00/55/416855f821edb6/US20230121176A1-20230420-D00000.png
WO-2023148404-A1,Differentiable generative modelling using a hybrid computer including a quantum processor ,Qu&Co R&D B.V.,"Vincent Emanuel ELFVING, Oleksandr KYRIIENKO",2022-02-07,2023-02-07,2023-08-10,,https://patents.google.com/patent/WO2023148404A1/en,
WO-2022186917-A9,Enhanced signal processing using quantum computation ,"Arizona Board Of Regents On Behalf Of The University Of Arizona, Duke University","Narayanan RENGASWAMY, Kaushik SESHADREESAN, Saikat Guha, Henry Pfister",2021-01-25,2022-01-25,2022-10-13,,https://patents.google.com/patent/WO2022186917A9/en,
WO-2022072869-A1,Quantum deformed binary neural networks ,Qualcomm Incorporated,"Roberto Bondesan, Max Welling",2020-10-01,2021-10-01,2022-04-07,,https://patents.google.com/patent/WO2022072869A1/en,
EP-4207004-A1,"Quantum computing task processing method and system, and computer device ",Tencent Technology (Shenzhen) Company Limited,"Shixin Zhang, Shengyu ZHANG, Hong Yao",2021-11-09,2021-12-23,2023-07-05,,https://patents.google.com/patent/EP4207004A1/en,https://patentimages.storage.googleapis.com/72/38/81/d79401570b3893/imgf0001.png
KR-20230059699-A,Quantum computing system and method for operating thereof ,한국전자통신연구원,"오수철, 김재열, 온진호, 이상민, 차규일",2021-10-26,2022-05-13,2023-05-03,,https://patents.google.com/patent/KR20230059699A/en,https://patentimages.storage.googleapis.com/5a/f9/4b/964a6dcb2ab808/pat00001.png
RU-2761771-C1,Method for conducting quantum calculations using qudits ,Общество с ограниченной ответственностью «Международный центр квантовой оптики и квантовых вычислений» (ООО «МЦКТ»),"Олегович Киктенко Евгений, Сергеевна Николаева Анастасия, Константинович Федоров Алексей",2020-12-28,2020-12-28,2021-12-13,2021-12-13,https://patents.google.com/patent/RU2761771C1/en,https://patentimages.storage.googleapis.com/27/fc/1e/c5b8970ecef3a1/00000033.png
US-2023131389-A1,Quantum instruction set architecture (quasar) ,The Regents Of The University Of California,Anastasiia Butko,2021-10-25,2022-10-20,2023-04-27,,https://patents.google.com/patent/US20230131389A1/en,https://patentimages.storage.googleapis.com/cc/af/08/dfb4f2bc74c9ff/US20230131389A1-20230427-D00000.png
JP-2023549444-A,"Expectation value estimation methods, devices, instruments and systems in quantum systems ","テンセント・テクノロジー・（シェンジェン）・カンパニー・リミテッド, 清▲華▼大学","ジャン，シシン, ワン，チョウグアン, ジャン，シェギュ, ヤオ，ホン",2021-10-14,2021-12-10,2023-11-27,,https://patents.google.com/patent/JP2023549444A/en,
WO-2023195922-A1,"Methods, systems and kits for quantum-optimized cross-backend software development ",Entropica Labs,"Vishal Sharma, Leonardo DISILVESTRO, Shahidee Bin Saharan NUR, Shao Hen CHIEW, Tommaso Federico DEMARIE, Ewan Franek MUNRO",2022-04-04,2023-04-04,2023-10-12,,https://patents.google.com/patent/WO2023195922A1/en,
WO-2023230390-A2,Quantum optimization with rydberg atom arrays ,"President And Fellows Of Harvard College, Universität Innsbruck, Österreichische Akademie der Wissenschaften, Quera Computing Incorporated","Mikhail D. Lukin, Jinguo LIU, Minh-Thi NGUYEN, Hannes PICHLER, Shengtao WANG, Jonathan Wurtz",2022-03-25,2023-03-24,2023-11-30,,https://patents.google.com/patent/WO2023230390A2/en,
WO-2023102591-A1,Vehicle control system ,Newsouth Innovations Pty Limited,Vinayak DIXIT,2021-12-06,2021-12-06,2023-06-15,,https://patents.google.com/patent/WO2023102591A1/en,
GB-2614816-A,Apparatus comprising one or more photonic memories ,Orca Computing Ltd,"Murray Richard, Nunn Joshua, Francis-Jones Robert, Parker Tom, Kaczmarek Krysztof",2020-09-21,2020-09-21,2023-07-19,,https://patents.google.com/patent/GB2614816A/en,
CA-3192558-A1,Apparatus comprising one or more photonic memories ,"Richard Murray, ORCA Computing Limited, Joshua Nunn, Robert FRANCIS-JONES, Tom Parker, Krysztof KACZMAREK","Richard Murray, Joshua Nunn, Robert FRANCIS-JONES, Tom Parker, Krysztof KACZMAREK",2020-09-21,2021-09-21,2022-03-24,,https://patents.google.com/patent/CA3192558A1/en,
DE-102022110941-A1,METAMORPHIC BUFFER FOR LARGE-AREA DIAMOND LAYERS ,"Universität Leipzig, Körperschaft des öffentlichen Rechts",Marius Grundmann,2022-05-04,2022-05-04,2023-11-09,,https://patents.google.com/patent/DE102022110941A1/en,https://patentimages.storage.googleapis.com/29/e8/bf/ec277efc1bbe6f/DE102022110941A1_0007.png
KR-20210070241-A,literature2 ,김동환,김동환,2021-05-21,2021-05-21,2021-06-14,,https://patents.google.com/patent/KR20210070241A/en,
WO-2023211495-A2,Qudits employing nonlinear dielectrics ,University Of Houston System,JR. John H. Miller,2021-11-04,2022-11-04,2023-11-02,,https://patents.google.com/patent/WO2023211495A2/en,
WO-2023222289-A1,System and method for use in generative models ,"Aarhus Universitet, Gottfried Wilhelm Leibniz Universität Hannover","Thomas BÆKKEGAARD, Nikolaj Thomas ZINNER, Michael Kues, Anahita KHODADAD KASHI",2022-05-20,2023-03-27,2023-11-23,,https://patents.google.com/patent/WO2023222289A1/en,
US-2022245501-A1,Qubit devices comprising one or more polycrystalline or single crystalline spin-triplet superconductors ,The Johns Hopkins University,"Yufan LI, Xiaoying Xu, Chia-Ling Chien",2019-05-13,2020-05-13,2022-08-04,,https://patents.google.com/patent/US20220245501A1/en,https://patentimages.storage.googleapis.com/ec/7a/1d/389351636a0efa/US20220245501A1-20220804-D00000.png
US-2022067562-A1,System and method for artificial intelligence ,Graham MOREHEAD,Graham MOREHEAD,2020-09-03,2020-09-03,2022-03-03,,https://patents.google.com/patent/US20220067562A1/en,https://patentimages.storage.googleapis.com/c6/00/52/7c06499d138676/US20220067562A1-20220303-D00000.png
EP-4138000-A1,Quantum thermal system ,Freie Universität Berlin,"Frank NOÉ, Paolo A. ERDMAN",2021-08-18,2021-08-18,2023-02-22,,https://patents.google.com/patent/EP4138000A1/en,https://patentimages.storage.googleapis.com/9d/23/3e/7d0eacd7ead2d2/imgf0001.png
US-2023368060-A1,Systems and methods for implementing remote-state preparation on a noisy-intermediate size quantum device ,Laura Lewis,Laura Lewis,2021-08-31,2022-09-01,2023-11-16,,https://patents.google.com/patent/US20230368060A1/en,https://patentimages.storage.googleapis.com/a0/78/49/fceedfc5d0868d/US20230368060A1-20231116-D00000.png
WO-2021240820-A1,Secure communication technology ,徳輝 竹本,徳輝 竹本,2020-05-29,2020-05-29,2021-12-02,,https://patents.google.com/patent/WO2021240820A1/en,https://patentimages.storage.googleapis.com/5b/8d/c5/91da6034d3a6a7/JPOXMLDOC01-appb-D000001.png
US-2023229916-A1,Scalable tensor network contraction using reinforcement learning ,Nvidia Corporation,"Gal Chechik, Eli Alexander Meirom, Haggai Maron, Brucek Kurdo Khailany, Paul Martin Springer, Shie Mannor",2022-01-20,2023-01-20,2023-07-20,,https://patents.google.com/patent/US20230229916A1/en,https://patentimages.storage.googleapis.com/3f/f4/a2/014957ae56a608/US20230229916A1-20230720-D00000.png
WO-2023073371-A1,Binary optimization with boson sampling ,ORCA Computing Limited,"Kamil Bradler, Hugo WALLNER",2021-10-28,2022-10-27,2023-05-04,,https://patents.google.com/patent/WO2023073371A1/en,
US-2022207403-A1,Tunable capacitor for superconducting qubits ,Colorado School Of Mines,"Eliot KAPIT, Nicholas MATERISE, Javad SHABANI",2020-12-31,2021-12-29,2022-06-30,,https://patents.google.com/patent/US20220207403A1/en,https://patentimages.storage.googleapis.com/65/81/04/b415a1fde770ac/US20220207403A1-20220630-D00000.png
KR-20220093720-A,Apparatus and Method of Generating Nonlinear Waveform ,포항공과대학교 산학협력단,"심재윤, 강기서",2020-12-28,2020-12-28,2022-07-05,,https://patents.google.com/patent/KR20220093720A/en,https://patentimages.storage.googleapis.com/83/dc/32/ccdb645879f88b/pat00002.png
US-2023327874-A1,"Systems, methods, and devices for generation of peer validated geospatial and proof of reception of tracking data ","John Gerard True, JR.","John Gerard True, JR.",2021-12-30,2022-12-30,2023-10-12,,https://patents.google.com/patent/US20230327874A1/en,https://patentimages.storage.googleapis.com/cd/f8/8d/3cba5f2cc59326/US20230327874A1-20231012-D00000.png
TW-202246398-A,Method for manufacturing lanosterol-imprinted nanoparticle and method for extracting ginsenoside ,國立高雄大學,"林宏殷, 李玫樺, 陳彥澄, 詹姆斯 湯瑪斯, 劉開璽, 施媛繽",2021-05-17,2021-05-17,2022-12-01,,https://patents.google.com/patent/TW202246398A/en,https://patentimages.storage.googleapis.com/be/04/e3/5ad4fc10973617/110117748-A0101-14-0001-1.png
US-2022103348-A1,Optical channel intensity streaming encryption ,California Institute Of Technology,"Jian Xu, Changhuei Yang",2020-09-28,2021-09-28,2022-03-31,,https://patents.google.com/patent/US20220103348A1/en,https://patentimages.storage.googleapis.com/6b/96/59/622004294b6cd7/US20220103348A1-20220331-D00000.png
KR-20230101851-A,Highly parallel processing architecture using a compiler ,아세니움 인코포레이티드,"외이빈드 하르보에, 토레 바스티안센, 피터 폴리",2020-11-16,2021-11-15,2023-07-06,,https://patents.google.com/patent/KR20230101851A/en,https://patentimages.storage.googleapis.com/ba/e0/91/3b9c7760edfb9e/pct00001.png
WO-2023177846-A1,Systems and methods for optimizing quantum circuit simulation using graphics processing units ,University Of Pittsburgh - Of The Commonwealth System Of Higher Education,Xulong TANG,2022-03-18,2023-03-17,2023-09-21,,https://patents.google.com/patent/WO2023177846A1/en,
US-2023308424-A1,Secure Session Resumption using Post-Quantum Cryptography ,John A. Nix,John A. Nix,2021-12-08,2022-12-08,2023-09-28,,https://patents.google.com/patent/US20230308424A1/en,https://patentimages.storage.googleapis.com/37/44/b6/5c5d2cc29968da/US20230308424A1-20230928-D00000.png
CN-102376393-A,Normal-temperature resonant superconducting system ,葛泓杉,葛泓杉,2010-08-23,2010-08-23,2012-03-14,,https://patents.google.com/patent/CN102376393A/en,
US-5888505-A,Method for selectively inhibiting the growth of microbes using a haloperoxidase-halide-peroxide system ,"Eoe, Inc.",Robert Charles Allen,1991-02-21,1995-06-07,1999-03-30,1999-03-30,https://patents.google.com/patent/US5888505A/en,https://patentimages.storage.googleapis.com/f7/cc/09/50cdebcecf17f3/US5888505-drawings-page-11.png
IE-85044-B1,Haloperoxidase for the treatment of infection and control of flora ,Exoxemis Inc,Charles Allen Robert,,1992-02-18,2008-11-12,,https://patents.google.com/patent/IE85044B1/en,
CN-106756809-A,A kind of laser deposition preparation method of nano wire ,廖荣生,廖荣生,2016-12-15,2016-12-15,2017-05-31,,https://patents.google.com/patent/CN106756809A/en,
FR-2811510-A1,"Protection of electronic high fidelity audio frequency installations against interface parasitic micro-discharges of frequency greater than 1 giga hertz, uses electromagnetic wave collector and band suppression filter ",Electricite De France,,2000-07-06,2000-07-06,2002-01-11,,https://patents.google.com/patent/FR2811510A1/en,
CN-109489497-A,A kind of gunpowder block of image-text firework dot matrix emitter and its method for making of gunpowder block ,苏州天为幕烟花科技有限公司,"征茂德, 陈巧云",2018-12-31,2018-12-31,2019-03-19,,https://patents.google.com/patent/CN109489497A/en,
JP-2014121188-A,Control method of organization by hellen needle depth method (h.n.d.m) ,"Koichi Suchi, 晃一 須知","Koichi Suchi, 晃一 須知",2012-12-18,2012-12-18,2014-06-30,,https://patents.google.com/patent/JP2014121188A/en,
CN-109516891-A,A kind of dedicated gunpowder block of standard fireworks lattice structure and preparation method thereof ,苏州天为幕烟花科技有限公司,"征茂德, 陈巧云",2018-12-31,2018-12-31,2019-03-26,,https://patents.google.com/patent/CN109516891A/en,
US-11093935-B2,System and methods for a resource-saving exchange protocol based on trigger-ready envelopes among distributed nodes ,Oleksandr Vityaz,Oleksandr Vityaz,2015-03-23,2018-09-18,2021-08-17,2021-08-17,https://patents.google.com/patent/US11093935B2/en,https://patentimages.storage.googleapis.com/df/49/7b/4231a1aa85762b/US11093935-20210817-D00000.png
CN-109556465-A,A kind of fireworks of dot matrix emitter load the molding die of body and its fireworks filling body ,苏州天为幕烟花科技有限公司,"征茂德, 陈巧云",2018-12-30,2018-12-30,2019-04-02,,https://patents.google.com/patent/CN109556465A/en,
CN-109682260-A,A kind of gunpowder block for image-text firework dot matrix emitter ,苏州天为幕烟花科技有限公司,"征茂德, 陈巧云",2018-12-31,2018-12-31,2019-04-26,,https://patents.google.com/patent/CN109682260A/en,
DE-4419298-C2,DC-SQUID with means for resistance-bridging its Josephson elements ,Siemens Ag,Gabriel M Daalmans,1994-06-01,1994-06-01,2002-10-31,2002-10-31,https://patents.google.com/patent/DE4419298C2/en,
MX-PA04008472-A,Rapid analysis of variations in a genome. ,Ravgen Inc,Dhallan Ravinder,2002-03-01,2003-02-28,2005-09-20,,https://patents.google.com/patent/MXPA04008472A/en,
AU-2021105335-A4,A nanosystem device for faster switching with reduced leakage and its preparing process thereof ,"Rudra Sankar Dhar, Lalthanpuii Khiangte, Kuleen Kumar, Swagat Nanda, Silpee Talukdar","Rudra Sankar Dhar, Lalthanpuii Khiangte, Kuleen Kumar, Swagat Nanda, Silpee Talukdar",2021-08-11,2021-08-11,2021-11-11,2021-11-11,https://patents.google.com/patent/AU2021105335A4/en,
DE-19509230-A1,Highly-symmetrical gradiometer SQUID for detecting biomagnetic fields ,Siemens Ag,Gabriel Daalmans,1995-03-17,1995-03-17,1996-09-19,,https://patents.google.com/patent/DE19509230A1/en,
WO-2022174122-A1,Securing secrets and their operation ,"Mingtai Chang, Zhan Lin","Mingtai Chang, Lin ZHAN",2021-02-11,2022-02-11,2022-08-18,,https://patents.google.com/patent/WO2022174122A1/en,
CN-104630539-A,Preparation method of graphene crystalline material ,深圳市瑞达电源有限公司,"刘兆勇, 钟松亮",2015-01-20,2015-01-20,2015-05-20,,https://patents.google.com/patent/CN104630539A/en,
CN-1151070-C,Method for mfg. nano alumina ,中国科学院生态环境研究中心,"沈迪新, 陈宏德, 田群, 周克斌",2001-08-09,2001-08-09,2004-05-26,2004-05-26,https://patents.google.com/patent/CN1151070C/en,https://patentimages.storage.googleapis.com/e3/d0/44/d7138a8f3d004e/C0112404800062.png
CN-113106542-A,一种大面积铝单晶薄膜及其制备方法与应用 ,中国科学院苏州纳米技术与纳米仿生研究所,"武彪, 冯加贵, 熊康林, 陈建, 孙骏逸, 黄永丹, 朱博杰, 丁孙安, 陆晓鸣",2021-04-06,2021-04-06,2021-07-13,,https://patents.google.com/patent/CN113106542A/zh,https://patentimages.storage.googleapis.com/91/32/55/97dff64d9aacb9/HDA0003007918510000011.png
